,h,U,L,H,N,tf,W,CW,CH,Q,s,dh,A_hs,Nu_L,Re_dh
0,10.832772230551111,0.6,0.05,0.05,10,0.001,0.05,0.15,0.08,10.0,0.0044444444444444444,0.00425531914893617,0.05360000000000001,20.75243722327799,168.16313397424793
1,22.4011177410857,1.8,0.05,0.05,10,0.001,0.05,0.15,0.08,10.0,0.0044444444444444444,0.00425531914893617,0.05360000000000001,42.91401866108371,504.4894019227438
2,22.28447592348903,1.8,0.05,0.05,10,0.0015,0.05,0.15,0.08,10.0,0.003888888888888889,0.0037433155080213907,0.05410000000000001,42.690566903235684,453.6507788888179
3,24.365406518308934,1.8,0.06,0.05,10,0.0015,0.06,0.15,0.08,10.0,0.005,0.0047619047619047615,0.06522,56.01242877772168,577.0931677021016
4,24.89508276012451,1.8,0.06,0.05,10,0.002,0.06,0.15,0.08,10.0,0.004444444444444444,0.004255319148936169,0.06572,57.23007531063105,527.4207383737776
